{"reference": "J202", "proportionalOutlinePath": [[0.5864583333333333, 0.5359375], [0.5875, 0.5364583333333334], [0.5885416666666666, 0.5369791666666667], [0.5885416666666666, 0.5359375], [0.5875, 0.5354166666666667]], "additionalOutlinePaths": [[[0.584375, 0.5416666666666666], [0.584375, 0.5427083333333333], [0.5859375, 0.5432291666666667], [0.5859375, 0.5421875]], [[0.56875, 0.5802083333333333], [0.56875, 0.58125], [0.5703125, 0.5817708333333333], [0.5703125, 0.5807291666666666]], [[0.5458333333333333, 0.6359375], [0.546875, 0.6359375], [0.5479166666666667, 0.6359375], [0.546875, 0.6354166666666666]], [[0.5473958333333333, 0.6317708333333333], [0.5473958333333333, 0.6328125], [0.5494791666666666, 0.6328125], [0.5484375, 0.6322916666666667]], [[0.5484375, 0.6291666666666667], [0.5505208333333333, 0.6302083333333334], [0.55, 0.6291666666666667]], [[0.55, 0.6255208333333333], [0.5505208333333333, 0.6265625], [0.5520833333333334, 0.6260416666666667], [0.5510416666666667, 0.6260416666666667]], [[0.5510416666666667, 0.6229166666666667], [0.5520833333333334, 0.6234375], [0.553125, 0.6229166666666667], [0.5520833333333334, 0.6223958333333334]], [[0.5526041666666667, 0.61875], [0.5526041666666667, 0.6197916666666666], [0.5546875, 0.6197916666666666], [0.5536458333333333, 0.6192708333333333]], [[0.5541666666666667, 0.615625], [0.5541666666666667, 0.6166666666666667], [0.5557291666666667, 0.6171875], [0.5552083333333333, 0.6161458333333333]], [[0.5552083333333333, 0.6125], [0.5557291666666667, 0.6135416666666667], [0.5572916666666666, 0.6135416666666667], [0.55625, 0.6130208333333333]], [[0.5567708333333333, 0.609375], [0.5572916666666666, 0.6104166666666667], [0.5583333333333333, 0.6098958333333333]], [[0.5578125, 0.6067708333333334], [0.5588541666666667, 0.6067708333333334], [0.5598958333333334, 0.6067708333333334], [0.5588541666666667, 0.60625]], [[0.559375, 0.6026041666666667], [0.559375, 0.6036458333333333], [0.5614583333333333, 0.6036458333333333], [0.5604166666666667, 0.603125]], [[0.5604166666666667, 0.6], [0.5625, 0.6010416666666667], [0.5625, 0.6]], [[0.5619791666666667, 0.5963541666666666], [0.5625, 0.5973958333333333], [0.5640625, 0.596875], [0.5630208333333333, 0.596875]], [[0.5630208333333333, 0.59375], [0.5640625, 0.5942708333333333], [0.5651041666666666, 0.59375], [0.5640625, 0.5932291666666667]], [[0.5645833333333333, 0.590625], [0.5666666666666667, 0.590625], [0.565625, 0.5901041666666667]], [[0.565625, 0.5869791666666667], [0.5666666666666667, 0.5875], [0.5677083333333334, 0.5880208333333333], [0.5671875, 0.5869791666666667]], [[0.5671875, 0.5833333333333334], [0.5677083333333334, 0.584375], [0.5692708333333333, 0.584375]], [[0.5697916666666667, 0.5776041666666667], [0.571875, 0.5776041666666667], [0.5708333333333333, 0.5770833333333333]], [[0.5708333333333333, 0.5744791666666667], [0.571875, 0.5744791666666667], [0.5729166666666666, 0.5744791666666667], [0.571875, 0.5739583333333333]], [[0.5723958333333333, 0.5713541666666667], [0.5744791666666667, 0.5713541666666667], [0.5734375, 0.5708333333333333]], [[0.5739583333333333, 0.5671875], [0.5734375, 0.5682291666666667], [0.5744791666666667, 0.5682291666666667], [0.5755208333333334, 0.56875], [0.575, 0.5677083333333334]], [[0.575, 0.5640625], [0.575, 0.5651041666666666], [0.5770833333333333, 0.5651041666666666]], [[0.5776041666666667, 0.5578125], [0.578125, 0.5588541666666667], [0.5796875, 0.5583333333333333], [0.5786458333333333, 0.5583333333333333]], [[0.5786458333333333, 0.5552083333333333], [0.5796875, 0.5557291666666667], [0.5807291666666666, 0.5552083333333333], [0.5796875, 0.5546875]], [[0.5802083333333333, 0.5520833333333334], [0.58125, 0.5526041666666667], [0.5822916666666667, 0.5520833333333334], [0.58125, 0.5515625]], [[0.5817708333333333, 0.5479166666666667], [0.58125, 0.5489583333333333], [0.5822916666666667, 0.5489583333333333], [0.5833333333333334, 0.5494791666666666], [0.5828125, 0.5484375]], [[0.5854166666666667, 0.5385416666666667], [0.5859375, 0.5395833333333333], [0.5875, 0.5395833333333333], [0.5864583333333333, 0.5390625]], [[0.5880208333333333, 0.5328125], [0.5890625, 0.5333333333333333], [0.5901041666666667, 0.5328125], [0.5890625, 0.5328125]], [[0.5890625, 0.5296875], [0.5901041666666667, 0.5302083333333333], [0.5911458333333334, 0.5296875], [0.5901041666666667, 0.5291666666666667]], [[0.590625, 0.5265625], [0.5927083333333333, 0.5265625], [0.5916666666666667, 0.5260416666666666]], [[0.5916666666666667, 0.5234375], [0.5927083333333333, 0.5234375], [0.59375, 0.5239583333333333], [0.5932291666666667, 0.5229166666666667]], [[0.5932291666666667, 0.5203125], [0.5953125, 0.5203125], [0.5942708333333333, 0.5197916666666667]], [[0.5947916666666667, 0.5161458333333333], [0.5942708333333333, 0.5171875], [0.5953125, 0.5171875], [0.5963541666666666, 0.5177083333333333], [0.5958333333333333, 0.5166666666666667]], [[0.5958333333333333, 0.5130208333333334], [0.5958333333333333, 0.5140625], [0.5979166666666667, 0.5140625]], [[0.596875, 0.5104166666666666], [0.5989583333333334, 0.5114583333333333], [0.5989583333333334, 0.5104166666666666]], [[0.5984375, 0.5067708333333333], [0.5984375, 0.5078125], [0.6, 0.5072916666666667]], [[0.5994791666666667, 0.5041666666666667], [0.6015625, 0.5052083333333334], [0.6015625, 0.5041666666666667]], [[0.6010416666666667, 0.5005208333333333], [0.6010416666666667, 0.5015625], [0.6026041666666667, 0.5010416666666667]], [[0.6036458333333333, 0.4942708333333333], [0.6041666666666666, 0.4953125], [0.6057291666666667, 0.4947916666666667], [0.6046875, 0.4947916666666667]], [[0.6046875, 0.49166666666666664], [0.6057291666666667, 0.4921875], [0.6067708333333334, 0.49166666666666664], [0.6057291666666667, 0.49114583333333334]], [[0.60625, 0.48802083333333335], [0.6067708333333334, 0.4890625], [0.6083333333333333, 0.48854166666666665], [0.6072916666666667, 0.48854166666666665]], [[0.6072916666666667, 0.48541666666666666], [0.6083333333333333, 0.4859375], [0.609375, 0.48541666666666666], [0.6083333333333333, 0.48489583333333336]], [[0.6088541666666667, 0.48125], [0.6088541666666667, 0.4822916666666667], [0.6109375, 0.4822916666666667], [0.6098958333333333, 0.4822916666666667]], [[0.6098958333333333, 0.4791666666666667], [0.6109375, 0.4796875], [0.6119791666666666, 0.4791666666666667], [0.6109375, 0.4786458333333333]]], "componentId": "hirose-electric-df40hc-3-0-100ds-0-4v-51"}